,City,Lat,Lon,Max Temp,Humidity,Cloudiness,Wind Speed,Country,Date
0,Chimbote,-9.0853,-78.5783,294.92,73,48,4.26,PE,1622392736
1,Cidreira,-30.1811,-50.2056,287.23,45,0,5.02,BR,1622392737
2,Berlevåg,70.8578,29.0864,279.15,86,97,11.79,NO,1622392737
3,Mataura,-46.1927,168.8643,282.86,97,100,1.58,NZ,1622392738
4,La Orilla,17.9833,-102.2333,304.32,52,55,2.92,MX,1622392738
5,Ponta do Sol,32.6667,-17.1,294.66,76,37,2.14,PT,1622392738
6,Hasaki,35.7333,140.8333,290.37,77,34,5.76,JP,1622392738
7,Östersund,63.1792,14.6357,293.4,34,0,6.17,SE,1622392669
8,Jamestown,42.097,-79.2353,289.92,52,40,3.58,US,1622392626
9,Hong Kong,22.2855,114.1577,303.89,88,98,0.45,HK,1622392636
10,Sabha,27.0377,14.4283,313.89,6,7,4.07,LY,1622392739
11,Port Elizabeth,-33.918,25.5701,288.2,71,0,2.06,ZA,1622392739
12,Albany,42.6001,-73.9662,283.07,90,100,2.43,US,1622392740
14,Kapaa,22.0752,-159.319,294.14,88,1,1.52,US,1622392740
15,Rikitea,-23.1203,-134.9692,296.86,79,100,7.29,PF,1622392483
16,Fortuna,40.5982,-124.1573,287.4,87,98,3.67,US,1622392628
17,Faya,18.3851,42.4509,298.21,28,57,1.4,SA,1622392741
18,Punta Arenas,-53.15,-70.9167,276.21,56,40,4.34,CL,1622392741
19,Saint Anthony,45.0205,-93.218,287.49,77,90,0.89,US,1622392741
20,Chokurdakh,70.6333,147.9167,283.76,48,23,4.14,RU,1622392741
21,Kaitangata,-46.2817,169.8464,282.81,94,100,4.02,NZ,1622392742
22,Barrow,71.2906,-156.7887,272.16,93,90,4.63,US,1622392742
23,Sulangan,11.1373,123.7228,301.89,75,90,2.58,PH,1622392707
24,Qaanaaq,77.484,-69.3632,273.37,91,100,2.41,GL,1622392480
25,Busselton,-33.65,115.3333,285.42,71,100,6.6,AU,1622392742
26,San Patricio,28.017,-97.5169,303.07,57,12,6.34,US,1622392743
27,Mar del Plata,-38.0023,-57.5575,287.09,44,0,3.58,AR,1622392560
28,Inírida,3.8653,-67.9239,296.93,92,100,1.35,CO,1622392743
29,Puerto Ayora,-0.7393,-90.3518,300.13,81,69,3.13,EC,1622392596
30,Bengkulu,-3.8004,102.2655,298.04,87,98,2.47,ID,1622392744
31,Bluff,-46.6,168.3333,283.04,94,100,9.98,NZ,1622392744
33,Tuktoyaktuk,69.4541,-133.0374,274.15,69,20,4.63,CA,1622392744
34,Fairbanks,64.8378,-147.7164,285.5,61,75,2.06,US,1622392490
35,Béboto,8.2668,16.939,305.42,35,93,2.67,TD,1622392745
36,Geraldton,-28.7667,114.6,287.38,88,40,7.01,AU,1622392487
37,Santa Cruz de la Sierra,-17.8,-63.1667,297.18,50,75,6.17,BO,1622392550
38,Mogadishu,2.0371,45.3438,299.08,84,100,7.05,SO,1622392745
39,Ulladulla,-35.35,150.4667,281.41,84,15,2.25,AU,1622392746
40,Ottawa,45.4112,-75.6981,293.01,32,75,3.93,CA,1622392107
41,Arraial do Cabo,-22.9661,-42.0278,299.13,78,75,5.14,BR,1622392746
42,Okha,53.5739,142.9478,272.9,94,68,2.15,RU,1622392746
43,George Town,5.4112,100.3354,303.09,81,20,1.54,MY,1622392197
44,Altay,47.8667,88.1167,289.56,19,4,3.51,CN,1622392747
45,Ocala,29.1872,-82.1401,305.9,49,1,0.45,US,1622392635
46,Hermanus,-34.4187,19.2345,288.09,80,79,1.45,ZA,1622392747
47,Isangel,-19.55,169.2667,294.29,76,92,2.57,VU,1622392482
48,Mahanoro,-19.9,48.8,296.07,84,13,3.68,MG,1622392748
49,Hilo,19.7297,-155.09,300.53,84,75,0.0,US,1622392466
50,Sørland,67.667,12.6934,281.19,92,100,8.11,NO,1622392748
51,Neuquén,-38.9516,-68.0591,285.09,50,0,1.54,AR,1622392509
52,Kiama,-34.6833,150.8667,282.25,81,28,0.89,AU,1622392748
53,Provideniya,64.3833,-173.3,278.81,54,2,5.4,RU,1622392749
54,Kathu,7.9178,98.3332,304.05,68,60,4.84,TH,1622392749
55,Port Alfred,-33.5906,26.891,287.89,62,32,3.03,ZA,1622392749
56,Aksu,41.1231,80.2644,300.43,14,91,2.56,CN,1622392749
57,Bethel,41.3712,-73.414,283.47,89,90,1.34,US,1622392750
58,Iranshahr,27.2025,60.6848,313.34,5,0,4.12,IR,1622392750
59,Yellowknife,62.456,-114.3525,279.44,70,75,0.89,CA,1622392475
60,Sindou,10.6667,-5.1667,305.75,42,41,1.82,BF,1622392751
61,La Gomera,14.0833,-91.05,305.99,64,94,1.98,GT,1622392751
62,Lüderitz,-26.6481,15.1594,289.95,64,86,7.61,NA,1622392751
63,Tasiilaq,65.6145,-37.6368,277.24,80,99,7.84,GL,1622392751
64,Lorengau,-2.0226,147.2712,300.04,85,100,3.68,PG,1622392752
65,Sivas Province,39.7916,37.0019,293.5,39,20,2.06,TR,1622392752
66,New Norfolk,-42.7826,147.0587,277.87,85,44,1.45,AU,1622392752
67,Cape Town,-33.9258,18.4232,289.38,68,0,1.92,ZA,1622392187
68,Schattdorf,46.8655,8.6547,293.89,73,40,1.53,CH,1622392753
69,San Andrés,12.5847,-81.7006,303.16,70,40,6.69,CO,1622392753
70,Marystown,47.1666,-55.1483,281.83,71,66,1.91,CA,1622392753
71,East London,-33.0153,27.9116,285.67,82,0,1.03,ZA,1622392753
72,Quatre Cocos,-20.2078,57.7625,297.21,77,2,3.16,MU,1622392754
73,Oranjemund,-28.55,16.4333,286.99,82,0,4.09,NA,1622392572
74,Forsytheganj,52.6333,29.7333,284.82,71,93,4.65,BY,1622392754
75,Saint-Philippe,-21.3585,55.7679,294.92,84,37,3.77,RE,1622392477
76,Saddiqabad,28.3062,70.1307,312.81,15,14,5.91,PK,1622392755
77,Atuona,-9.8,-139.0333,300.0,60,87,3.6,PF,1622392755
78,Saldanha,-33.0117,17.9442,289.18,83,7,3.43,ZA,1622392755
79,Necochea,-38.5473,-58.7368,286.5,42,27,7.39,AR,1622392756
80,Hithadhoo,-0.6,73.0833,301.6,73,52,7.44,MV,1622392756
81,Muisne,0.6,-80.0333,302.21,78,79,3.53,EC,1622392756
82,Hulan Ergi,47.2042,123.6333,285.22,83,43,1.13,CN,1622392757
83,Bishnupur,23.0833,87.3167,302.87,78,73,6.51,IN,1622392757
84,Severo-Kuril'sk,50.6789,156.125,276.82,97,100,6.81,RU,1622392757
85,Tiksi,71.6872,128.8694,272.57,95,8,3.27,RU,1622392757
86,Hualmay,-11.0964,-77.6139,294.27,73,56,5.02,PE,1622392673
87,Robertsport,6.7533,-11.3686,300.58,79,100,4.26,LR,1622392758
88,Menongue,-14.6585,17.691,290.66,27,3,1.8,AO,1622392758
89,Westport,41.1415,-73.3579,284.44,93,90,0.45,US,1622392681
90,Soyo,-6.1349,12.3689,299.02,81,23,4.74,AO,1622392758
91,Catalão,-18.1658,-47.9464,304.11,28,99,2.31,BR,1622392759
92,Ahipara,-35.1667,173.1667,287.49,82,97,8.44,NZ,1622392759
93,Vero Beach,27.6386,-80.3973,305.4,68,20,1.34,US,1622392759
94,Whitehorse,60.7161,-135.0538,283.2,57,75,6.71,CA,1622392760
95,Upernavik,72.7868,-56.1549,273.0,94,100,3.21,GL,1622392484
96,Cayenne,4.9333,-52.3333,302.17,84,75,2.24,GF,1622392468
97,Lebu,-37.6167,-73.65,286.94,70,100,2.71,CL,1622392760
98,Lagoa,39.05,-27.9833,290.58,73,42,3.73,PT,1622392761
99,Natchez,31.5604,-91.4032,294.96,61,1,1.54,US,1622392761
100,Vizianagaram,18.1167,83.4167,303.88,59,99,0.78,IN,1622392761
101,Constitución,-35.3333,-72.4167,288.44,52,77,3.67,CL,1622392761
102,Balezino,57.9796,53.0106,279.51,73,100,4.92,RU,1622392762
103,Khatanga,71.9667,102.5,275.07,99,100,2.66,RU,1622392488
104,Manitouwadge,49.1215,-85.8403,286.03,35,64,5.79,CA,1622392762
105,Mikhaylovka,50.06,43.2379,291.89,86,65,3.43,RU,1622392762
106,Dudinka,69.4058,86.1778,276.47,95,100,14.77,RU,1622392763
107,Makīnsk,52.6292,70.4169,294.79,46,39,5.11,KZ,1622392763
108,Haines Junction,60.7522,-137.5108,282.12,53,100,3.09,CA,1622392763
109,Pacific Grove,36.6177,-121.9166,289.71,86,90,0.45,US,1622392764
110,Saskylakh,71.9167,114.0833,275.4,89,100,1.4,RU,1622392764
111,Tosno,59.54,30.8775,285.21,51,6,2.22,RU,1622392765
112,Fort Nelson,58.8053,-122.7002,285.92,50,75,2.06,CA,1622392765
113,Bryan,30.6744,-96.37,300.16,73,40,4.12,US,1622392711
114,Vardø,70.3705,31.1107,280.26,70,75,6.17,NO,1622392765
115,Lake Cowichan,48.825,-124.0546,289.0,76,100,0.93,CA,1622392766
116,Ilulissat,69.2167,-51.1,284.16,32,69,4.63,GL,1622392766
117,Touros,-5.1989,-35.4608,304.65,67,44,6.26,BR,1622392766
118,Yamada,39.4667,141.95,284.48,84,10,2.93,JP,1622392766
119,Tuy Hoa,13.0833,109.3,300.74,78,28,2.43,VN,1622392614
120,Castro,-24.7911,-50.0119,287.14,98,100,1.63,BR,1622392767
121,Keuruu,62.2667,24.7,292.48,50,17,1.84,FI,1622392767
122,Bambous Virieux,-20.3428,57.7575,297.29,83,20,3.08,MU,1622392767
123,Lompoc,34.6391,-120.4579,293.36,82,90,3.6,US,1622392768
124,Port Hedland,-20.3167,118.5667,293.18,83,75,3.6,AU,1622392541
125,Chapais,49.7834,-74.8492,289.03,26,0,3.53,CA,1622392768
126,Shimoda,34.6667,138.95,293.21,78,69,4.81,JP,1622392768
127,Nuuk,64.1835,-51.7216,275.49,80,90,4.12,GL,1622392769
128,Olafsvik,64.8945,-23.7142,278.17,94,100,6.12,IS,1622392497
129,Makakilo City,21.3469,-158.0858,295.33,82,75,2.57,US,1622392769
130,Port Lincoln,-34.7333,135.8667,286.06,45,83,5.13,AU,1622392769
131,Alice Springs,-23.7,133.8833,277.9,56,63,2.43,AU,1622392770
132,Nizhniy Tsasuchey,50.5167,115.1333,282.32,38,96,5.2,RU,1622392770
133,Torbay,47.6666,-52.7314,289.2,44,20,5.66,CA,1622392770
134,Kruisfontein,-34.0033,24.7314,286.97,72,100,4.09,ZA,1622392770
135,Myitkyina,25.3833,97.4,296.78,98,31,0.16,MM,1622392771
136,Norman Wells,65.282,-126.8329,277.17,87,75,5.14,CA,1622392771
137,Varnavino,57.4035,45.0916,282.21,57,97,3.57,RU,1622392771
138,Caravelas,-17.7125,-39.2481,301.57,61,9,4.01,BR,1622392772
139,Abhā,18.2164,42.5053,298.05,53,20,1.7,SA,1622392679
140,Esperance,-33.8667,121.9,287.06,78,92,11.69,AU,1622392772
141,Karad,17.2833,74.2,298.03,79,86,2.71,IN,1622392772
142,Mazagão,-0.115,-51.2894,306.18,66,20,2.6,BR,1622392773
143,Pangnirtung,66.1451,-65.7125,272.15,86,90,5.66,CA,1622392773
144,Mayo,38.8876,-76.5119,285.52,90,90,1.79,US,1622392773
145,Hope Mills,34.9704,-78.9453,289.38,83,90,0.89,US,1622392774
146,Puqi,29.7167,113.8833,295.55,89,92,0.13,CN,1622392774
147,Santa Vitória do Palmar,-33.5189,-53.3681,286.11,46,2,5.53,BR,1622392774
148,Bredasdorp,-34.5322,20.0403,286.77,82,88,1.02,ZA,1622392775
149,Port Macquarie,-31.4333,152.9167,286.13,76,88,5.06,AU,1622392775
150,Butaritari,3.0707,172.7902,301.35,78,92,6.88,KI,1622392775
151,Taltal,-25.4,-70.4833,292.79,68,17,2.4,CL,1622392776
152,Iqaluit,63.7506,-68.5145,275.0,69,75,4.47,CA,1622392776
153,Avarua,-21.2078,-159.775,293.18,77,20,1.54,CK,1622392776
154,Altusried,47.8,10.2167,290.26,38,5,4.8,DE,1622392776
155,Gambēla,8.25,34.5833,300.53,60,14,1.72,ET,1622392777
156,Kavieng,-2.5744,150.7967,300.19,81,97,4.3,PG,1622392777
157,Carbonia,39.1672,8.5222,299.68,59,80,4.22,IT,1622392777
158,Pahrump,36.2083,-115.9839,304.85,14,0,0.45,US,1622392778
159,Diplo,24.4667,69.584,301.99,80,32,10.03,PK,1622392778
160,Pouébo,-20.4,164.5667,291.87,66,22,2.0,NC,1622392778
161,Manta,-0.95,-80.7333,299.03,78,75,3.09,EC,1622392572
162,Teseney,15.11,36.6575,311.91,15,40,3.22,ER,1622392779
163,Atar,20.5169,-13.0499,316.02,10,21,1.65,MR,1622392779
164,Cururupu,-1.8283,-44.8683,303.26,61,30,3.26,BR,1622392779
165,Hobart,-42.8794,147.3294,278.07,89,31,0.45,AU,1622392780
166,Yerbogachën,61.2767,108.0108,279.97,65,95,5.16,RU,1622392780
167,Lata,40.1629,-8.3327,302.62,46,56,2.92,PT,1622392780
168,Karratha,-20.7377,116.8463,293.96,54,70,3.86,AU,1622392780
169,Muros,42.7762,-9.0603,299.43,52,100,6.22,ES,1622392781
170,Burns Lake,54.2331,-125.7533,279.83,80,100,1.35,CA,1622392781
171,Faanui,-16.4833,-151.75,299.87,76,93,6.62,PF,1622392501
172,Takoradze,4.8845,-1.7554,301.64,73,82,5.22,GH,1622392781
173,Cabo San Lucas,22.8909,-109.9124,306.38,47,1,1.54,MX,1622392589
174,Katsuura,35.1333,140.3,292.21,88,37,6.11,JP,1622392782
175,Homer,59.6425,-151.5483,283.75,67,100,0.45,US,1622392738
176,Dolný Kubín,49.2098,19.3034,286.7,83,97,2.16,SK,1622392782
177,Zelenchukskaya,43.858,41.5894,285.32,82,22,1.09,RU,1622392783
178,Mareeba,-17.0,145.4333,291.73,92,72,1.66,AU,1622392783
179,Ust'-Ilimsk,58.0006,102.6619,273.76,94,93,0.74,RU,1622392783
180,Presidencia Roque Sáenz Peña,-26.7852,-60.4388,292.54,29,8,3.73,AR,1622392784
181,Paamiut,61.994,-49.6678,275.06,92,70,10.37,GL,1622392784
182,Kandrian,-6.2167,149.55,298.28,91,92,4.02,PG,1622392784
183,Kikwit,-5.041,18.8162,300.74,40,76,1.6,CD,1622392784
184,Sitka,57.0531,-135.33,284.09,71,90,2.57,US,1622392785
185,Pedersore,63.65,22.6833,291.22,62,67,5.47,FI,1622392785
186,San Antonio del Tequendama,4.6189,-74.3539,298.54,82,94,1.51,CO,1622392785
187,Souillac,-20.5167,57.5167,297.36,83,20,3.32,MU,1622392786
188,Codrington,-38.2667,141.9667,278.09,72,2,3.73,AU,1622392786
189,Kahului,20.8947,-156.47,297.51,76,1,3.09,US,1622392786
190,Rodrigues Alves,-7.738,-72.6509,306.26,56,60,0.36,BR,1622392786
191,Sušice,49.2311,13.5202,287.83,64,62,3.09,CZ,1622392787
192,Vacaria,-28.5122,-50.9339,286.33,41,46,2.03,BR,1622392787
193,Wanning,18.8003,110.3967,301.08,87,66,4.76,CN,1622392787
194,Iaçu,-12.7672,-40.2117,305.67,30,15,3.88,BR,1622392788
195,Kokopo,-4.352,152.2633,298.0,88,58,3.01,PG,1622392788
196,Padang,-0.9492,100.3543,298.13,89,78,1.86,ID,1622392788
197,Saint George,37.1041,-113.5841,304.41,13,1,0.45,US,1622392515
198,Ketchikan,55.3422,-131.6461,283.14,93,90,2.57,US,1622392537
199,Eilat,29.5581,34.9482,311.06,20,0,6.17,IL,1622392766
200,Kharovsk,59.9642,40.1912,280.32,53,75,2.87,RU,1622392789
201,Tías,28.9611,-13.645,295.97,60,20,8.75,ES,1622392789
202,Kulhudhuffushi,6.6221,73.07,301.72,74,87,9.05,MV,1622392789
203,Taksimo,56.3444,114.8794,274.9,91,99,1.05,RU,1622392753
204,Usinsk,65.9939,57.5281,278.48,59,97,6.57,RU,1622392790
205,Skagen,57.7209,10.5839,287.74,71,1,1.1,DK,1622392790
206,Gladstone,-23.85,151.25,288.11,67,0,2.06,AU,1622392790
207,Juneau,58.3019,-134.4197,283.15,93,90,1.79,US,1622392516
208,Takaka,-40.85,172.8,282.35,85,96,1.97,NZ,1622392791
209,Portland,45.5234,-122.6762,293.12,62,40,0.89,US,1622392014
210,Bonavista,48.6499,-53.1147,292.15,73,5,2.74,CA,1622392791
211,Ganzhou,28.8184,115.4327,294.86,92,72,1.09,CN,1622392791
212,Airai,-8.9266,125.4092,288.04,90,99,0.72,TL,1622392792
213,Ciudad Bolivar,8.1222,-63.5497,308.4,34,69,3.52,VE,1622392792
214,Makkah al Mukarramah,21.4267,39.8261,307.96,29,61,3.42,SA,1622392494
215,Septemvri,42.2167,24.1,290.82,87,100,1.74,BG,1622392792
216,Kavaratti,10.5669,72.642,301.77,75,100,8.1,IN,1622392793
217,Santo Tomas,14.1079,121.1414,301.8,89,61,0.75,PH,1622392793
218,Ladyzhyn,48.685,29.2368,286.96,84,97,3.07,UA,1622392793
219,Guerrero Negro,27.9769,-114.0611,291.44,63,26,7.04,MX,1622392794
220,Tocopilla,-22.092,-70.1979,293.63,70,70,4.71,CL,1622392794
221,Lubumbashi,-11.6609,27.4794,289.58,46,3,1.31,CD,1622392794
222,Lalibela,12.0333,39.0333,293.75,26,3,4.14,ET,1622392795
223,Dauphin,51.1494,-100.0502,282.23,76,90,4.12,CA,1622392795
224,Mackay,-21.15,149.2,292.42,88,75,3.6,AU,1622392795
225,Karabash,55.4808,60.2157,288.88,95,86,1.32,RU,1622392795
226,Sunndalsøra,62.6754,8.5515,289.18,52,55,3.41,NO,1622392796
227,Palmer,42.1584,-72.3287,283.16,85,90,0.89,US,1622392796
228,Cortez,37.3489,-108.5859,296.87,18,1,1.54,US,1622392796
229,Arlit,18.7369,7.3853,315.16,4,91,7.27,NE,1622392533
230,Klaksvík,62.2266,-6.589,287.66,95,83,9.22,FO,1622392504
231,Thompson,55.7435,-97.8558,278.24,75,90,3.09,CA,1622392674
232,Linxia Chengguanzhen,35.6003,103.2064,288.9,52,47,1.61,CN,1622392748
233,San Jorge,-31.8962,-61.8598,289.81,42,2,2.57,AR,1622392797
234,Arrifes,37.7667,-25.7,292.29,60,20,7.2,PT,1622392797
235,Deputatsky,69.3,139.9,280.47,64,95,1.88,RU,1622392798
236,Tigil',57.8,158.6667,274.57,84,22,0.98,RU,1622392798
237,Ostrovnoy,68.0531,39.5131,278.9,86,100,5.83,RU,1622392763
238,Rock Sound,24.9,-76.2,299.07,78,42,5.3,BS,1622392798
239,Nikolskoye,59.7035,30.7861,285.59,50,7,1.99,RU,1622392799
240,Comodoro Rivadavia,-45.8667,-67.5,278.07,87,90,0.0,AR,1622392799
241,Nouadhibou,20.931,-17.0347,298.14,65,91,6.17,MR,1622392799
242,Eureka,40.8021,-124.1637,284.78,87,99,3.57,US,1622392799
243,Hambantota,6.1241,81.1185,300.24,79,84,8.66,LK,1622392800
244,Babu,24.4167,111.5167,297.3,97,97,0.97,CN,1622392800
245,Ribeira Grande,38.5167,-28.7,294.37,64,20,2.06,PT,1622392784
246,Nchelenge,-9.3451,28.734,293.81,63,31,0.71,ZM,1622392801
247,Dikson,73.5069,80.5464,273.0,93,100,5.33,RU,1622392801
248,Sola,-13.8833,167.55,297.38,89,100,5.21,VU,1622392553
249,Saint Paul Harbor,57.79,-152.4072,280.88,87,90,3.09,US,1622392801
250,Mahibadhoo,3.7833,72.9667,301.96,73,74,8.89,MV,1622392802
252,Mahébourg,-20.4081,57.7,297.31,83,20,3.09,MU,1622392802
253,Mtwara,-10.2667,40.1833,296.82,84,100,3.46,TZ,1622392803
254,Fukuechō,32.6881,128.8419,293.08,70,0,2.71,JP,1622392565
255,Batagay,67.6333,134.6333,280.71,75,65,2.14,RU,1622392803
256,Thio,-21.6167,166.2167,290.13,79,23,2.43,NC,1622392803
257,Ambilobe,-13.2,49.05,296.92,77,31,2.38,MG,1622392804
258,North Platte,41.1239,-100.7654,288.33,92,90,0.89,US,1622392804
259,Koulamoutou,-1.1303,12.4736,298.67,87,98,0.92,GA,1622392804
260,Petra,30.3222,35.4793,296.27,15,38,2.3,JO,1622392804
261,Chui,-33.6971,-53.4616,286.28,45,4,5.62,UY,1622392804
262,Baruun-Urt,46.6806,113.2792,283.14,72,100,4.7,MN,1622392805
263,Akropong,5.9746,-0.0854,299.68,61,93,5.46,GH,1622392805
264,Chhatarpur,24.9,79.6,309.16,29,57,2.31,IN,1622392806
265,Panama City,8.9936,-79.5197,304.36,72,20,2.57,PA,1622392779
266,Husavik,66.0449,-17.3389,286.1,49,87,7.74,IS,1622392806
267,Rincon,32.296,-81.2354,299.17,54,75,0.45,US,1622392774
268,Danville,36.586,-79.395,289.51,87,90,2.57,US,1622392632
269,Cherskiy,68.75,161.3,284.22,46,12,2.84,RU,1622392806
270,Vila Velha,-20.3297,-40.2925,304.12,59,0,2.24,BR,1622392807
271,Marawi,7.9986,124.2928,292.95,94,100,0.92,PH,1622392807
272,Payo,-3.7508,103.6372,296.31,98,99,0.91,ID,1622392807
273,Acajutla,13.5928,-89.8275,305.26,62,96,2.11,SV,1622392808
274,Grindavik,63.8424,-22.4338,281.12,93,75,8.52,IS,1622392808
275,Kashan,33.9831,51.4364,307.69,9,0,1.55,IR,1622392651
276,Pochutla,15.7432,-96.4661,305.83,45,46,3.02,MX,1622392808
277,Chiredzi,-21.05,31.6667,294.1,25,1,2.65,ZW,1622392808
278,Leshukonskoye,64.8989,45.7622,278.74,57,82,1.68,RU,1622392655
279,Hay River,60.8156,-115.7999,280.14,70,75,3.6,CA,1622392809
280,Goderich,43.7501,-81.7165,292.61,54,0,3.6,CA,1622392809
281,Warsaw,52.2298,21.0118,290.81,44,0,0.89,PL,1622392453
282,Carnarvon,-24.8667,113.6333,289.19,88,0,4.12,AU,1622392810
283,Hervey Bay,-25.2986,152.8535,286.5,82,66,1.34,AU,1622392810
284,Nelson Bay,-32.7167,152.15,287.04,84,80,6.04,AU,1622392810
285,Sayansk,54.1088,102.1648,275.37,76,100,1.65,RU,1622392811
286,Cap-aux-Meules,47.3821,-61.8597,284.18,58,75,3.09,CA,1622392811
287,Lachi,33.3833,71.3386,305.45,18,0,1.6,PK,1622392811
288,Talnakh,69.4865,88.3972,276.09,82,100,11.49,RU,1622392812
289,Severnyy-Kospashskiy,59.0925,57.8008,280.15,96,98,4.19,RU,1622392812
290,Christchurch,-43.5333,172.6333,284.82,94,40,4.02,NZ,1622392812
291,Waingapu,-9.6567,120.2641,297.73,82,95,3.29,ID,1622392812
292,Tshane,-24.0196,21.8684,289.62,32,0,2.64,BW,1622392813
293,Cabedelo,-6.9811,-34.8339,301.52,76,71,6.0,BR,1622392783
294,Khalkhāl,37.6189,48.5258,290.84,26,1,1.76,IR,1622392813
295,Atambua,-9.1061,124.8925,295.42,86,100,0.95,ID,1622392813
296,Wewak,-3.5534,143.6268,300.08,85,99,4.41,PG,1622392814
297,Birao,10.2849,22.7882,308.61,20,31,1.82,CF,1622392814
298,Kibala,9.1104,18.3463,311.12,32,20,4.12,TD,1622392814
299,Longhua,23.6137,114.1919,298.78,96,100,0.98,CN,1622392814
300,Opuwo,-18.0607,13.84,294.25,22,33,3.07,NA,1622392706
301,Chake Chake,-5.2459,39.7666,297.12,85,36,3.5,TZ,1622392815
302,Hamilton,39.1834,-84.5333,289.37,69,90,0.45,US,1622392815
303,Charters Towers,-20.1,146.2667,287.69,92,28,4.64,AU,1622392815
304,Bandarbeyla,9.4942,50.8122,299.56,85,22,13.35,SO,1622392635
305,Sioux Lookout,50.1001,-91.917,285.19,82,90,4.63,CA,1622392816
306,Upington,-28.4478,21.2561,289.36,31,0,1.54,ZA,1622392816
307,Clyde River,70.4692,-68.5914,272.28,86,75,2.06,CA,1622392816
308,San Miguel,13.4833,-88.1833,304.93,62,0,1.03,SV,1622392817
309,Pevek,69.7008,170.3133,276.42,70,0,2.52,RU,1622392817
310,Tura,25.5198,90.2201,296.23,93,9,1.55,IN,1622392721
311,Tabas,33.5959,56.9244,308.72,7,0,4.46,IR,1622392817
312,Nome,64.5011,-165.4064,281.19,36,1,10.29,US,1622392818
313,Brownsville,25.9018,-97.4975,304.21,74,75,4.02,US,1622392761
314,Pangoa,-12.1167,-73.0,302.95,48,78,0.57,PE,1622392818
315,Dongli,23.5656,116.8194,301.14,78,20,4.73,CN,1622392818
316,Honiara,-9.4333,159.95,297.72,89,53,1.54,SB,1622392819
317,Samarai,-10.6167,150.6667,299.44,76,99,6.97,PG,1622392819
318,Vanavara,60.34,102.2797,275.42,93,95,1.17,RU,1622392819
319,Barcelos,41.5388,-8.6151,303.31,60,9,2.29,PT,1622392680
320,Kassala,15.451,36.4,312.66,14,27,3.19,SD,1622392820
321,Mount Isa,-20.7333,139.5,286.02,50,3,0.51,AU,1622392798
322,Bobon,12.5246,124.5636,298.93,88,49,1.73,PH,1622392820
323,Pisco,-13.7,-76.2167,291.49,94,90,3.09,PE,1622392820
324,Cairns,-16.9167,145.7667,294.3,96,75,4.12,AU,1622392821
325,Anloga,5.7947,0.8973,303.27,76,86,6.39,GH,1622392730
326,São Filipe,14.8961,-24.4956,295.69,82,95,4.8,CV,1622392636
327,Colares,38.7992,-9.4469,300.97,54,20,6.21,PT,1622392821
328,Tautira,-17.7333,-149.15,298.15,77,91,7.98,PF,1622392821
329,Charlestown,-32.95,151.6667,286.89,80,87,1.79,AU,1622392822
330,Shibetsu,43.659,145.132,277.7,92,100,6.17,JP,1622392822
331,San Felipe,10.3399,-68.7425,304.67,51,59,1.53,VE,1622392822
332,Kenai,60.5544,-151.2583,283.72,84,90,5.66,US,1622392823
333,Boguchany,58.3814,97.4531,274.06,97,44,1.1,RU,1622392823
334,Eqbālīyeh,35.3022,51.5358,307.67,7,0,1.98,IR,1622392823
335,Galveston,29.3669,-94.9669,300.48,82,90,0.45,US,1622392657
336,Carolina,18.3808,-65.9574,304.32,68,40,8.23,PR,1622392600
337,Kanigoro,-8.13,112.219,296.13,96,98,1.69,ID,1622392824
338,Avera,33.194,-82.5271,297.99,46,40,3.4,US,1622392824
339,Posse,-14.0931,-46.3694,304.24,28,9,4.13,BR,1622392824
340,Yulara,-25.2406,130.9889,286.06,44,100,3.6,AU,1622392825
341,Petropavlovsk-Kamchatskiy,53.0452,158.6483,276.48,87,90,1.4,RU,1622392825
342,Lipin Bor,60.2622,37.9763,280.92,58,81,1.74,RU,1622392825
343,Suez,29.9737,32.5263,304.2,20,96,3.87,EG,1622392826
344,Cootamundra,-34.65,148.0333,275.34,77,0,1.4,AU,1622392826
345,Tessalit,20.1986,1.0114,314.99,5,93,8.07,ML,1622392826
346,La Romana,18.4273,-68.9728,304.35,66,40,7.72,DO,1622392826
347,Batemans Bay,-35.7167,150.1833,279.21,86,0,1.88,AU,1622392804
348,Chabahar,25.2919,60.643,303.75,75,0,3.48,IR,1622392827
349,Auki,-8.7676,160.7034,297.58,89,38,1.8,SB,1622392827
350,Swan Hill,-35.3378,143.5544,278.97,55,0,2.43,AU,1622392827
351,Namatanai,-3.6667,152.4333,299.14,83,93,2.6,PG,1622392828
352,Boa Vista,2.8197,-60.6733,299.14,89,75,1.54,BR,1622392784
353,Towada,40.6127,141.2067,284.93,82,55,3.88,JP,1622392828
354,Sovetskiy,61.3614,63.5842,279.84,86,100,3.92,RU,1622392828
355,Ambon City,-3.6954,128.1814,299.81,81,100,3.42,ID,1622392829
356,Patacamaya,-17.2333,-67.9167,285.8,43,97,4.9,BO,1622392829
357,Okoneshnikovo,54.8377,75.0834,293.31,43,20,6.76,RU,1622392829
358,Nueva Helvecia,-34.3,-57.2333,285.7,49,6,3.98,UY,1622392829
359,Novovarshavka,54.1721,74.6946,294.83,36,49,8.33,RU,1622392830
360,Olinda,-8.0089,-34.8553,299.0,78,75,5.79,BR,1622392830
361,Batticaloa,7.7102,81.6924,301.78,73,43,1.12,LK,1622392830
362,Hegang,47.4,130.3667,283.42,94,100,2.0,CN,1622392749
363,Bitin,14.0939,121.2128,301.12,90,63,0.74,PH,1622392831
364,Ventspils,57.3894,21.5606,285.11,62,0,4.63,LV,1622392831
365,Aklavik,68.2191,-135.0107,276.61,60,20,6.17,CA,1622392831
366,Kiryat Gat,31.61,34.7642,302.26,40,45,4.01,IL,1622392832
367,Yuanping,38.7153,112.7575,290.73,43,2,1.06,CN,1622392832
368,Narganá,9.4428,-78.5906,300.82,81,82,1.73,PA,1622392832
369,Baghdad,33.3406,44.4009,310.1,15,0,6.49,IQ,1622392833
370,Aleksandrov Gay,50.147,48.5704,293.73,59,68,7.46,RU,1622392833
371,Anadyr,64.75,177.4833,275.43,80,0,1.79,RU,1622392833
372,Chato,-2.6378,31.7669,296.38,67,88,0.44,TZ,1622392833
373,Salihorsk,52.7876,27.5415,285.38,69,99,5.01,BY,1622392834
374,Itaituba,-4.2761,-55.9836,307.24,59,20,5.14,BR,1622392834
375,Omsukchan,62.5333,155.8,273.6,89,100,2.52,RU,1622392834
376,Verāval,20.9,70.3667,301.67,80,97,5.65,IN,1622392835
377,Litovko,49.2361,135.1742,281.28,68,100,2.15,RU,1622392835
378,Kirakira,-10.4544,161.9205,298.32,89,96,3.46,SB,1622392835
379,Zhigansk,66.7697,123.3711,282.04,57,2,4.96,RU,1622392788
380,Havelock,34.8791,-76.9013,291.49,91,90,0.45,US,1622392836
381,Icó,-6.4011,-38.8622,307.99,26,59,3.07,BR,1622392836
382,Hargeisa,9.56,44.065,300.94,25,83,2.01,SO,1622392836
383,Siocon,7.7061,122.1353,299.16,88,92,0.5,PH,1622392836
384,Beipiao,41.7919,120.7792,286.83,52,9,2.85,CN,1622392837
385,Salgado,-11.0319,-37.475,300.54,51,79,3.95,BR,1622392837
386,Skibbereen,51.55,-9.2667,292.04,74,2,3.26,IE,1622392837
387,Linqiong,30.4159,103.4609,298.05,69,99,1.29,CN,1622392838
388,Cho Dok,10.7,105.1167,300.49,82,1,3.65,VN,1622392838
389,Taoudenni,22.6783,-3.9836,318.34,6,97,0.83,ML,1622392838
390,Murgab,37.4966,61.9714,308.08,34,0,0.42,TM,1622392839
391,Astoria,46.1879,-123.8313,290.77,90,75,0.0,US,1622392839
392,Jasper,37.2001,-94.3502,292.29,72,1,0.45,US,1622392839
393,Emerald,-23.5333,148.1667,285.23,54,0,3.09,AU,1622392839
394,Xining,36.6167,101.7667,286.67,56,77,1.04,CN,1622392747
395,Lavrentiya,65.5833,-171.0,273.46,81,7,4.92,RU,1622392614
396,Merauke,-8.4667,140.3333,297.2,87,72,5.56,ID,1622392663
397,Sistranda,63.7256,8.834,283.13,79,90,2.38,NO,1622392840
398,Flinders,-34.5833,150.8552,282.14,81,23,0.45,AU,1622392634
399,Asău,46.4333,26.4,288.66,83,55,1.53,RO,1622392840
400,Vallenar,-28.5708,-70.7581,300.42,23,0,2.71,CL,1622392841
401,Nālūt,30.3333,10.85,310.14,10,31,6.42,LY,1622392841
402,Gobabis,-22.45,18.9667,290.98,22,34,2.5,NA,1622392841
403,Lovozero,68.005,35.0117,281.07,66,100,3.36,RU,1622392842
404,Kavala,40.9397,24.4019,294.18,71,75,0.33,GR,1622392842
405,Nísia Floresta,-6.0911,-35.2086,304.6,61,86,5.0,BR,1622392755
406,Sandwick,60.0,-1.25,282.05,87,75,6.38,GB,1622392842
407,Abu Samrah,35.3029,37.1841,299.15,29,0,4.57,SY,1622392843
408,Kutum,14.2,24.6667,306.53,13,34,5.33,SD,1622392783
409,Biržai,56.2,24.75,285.52,68,74,4.39,LT,1622392843
410,Ilo,-17.6394,-71.3375,293.17,76,100,4.03,PE,1622392710
411,Almaznyy,48.0448,40.045,292.23,89,60,3.44,RU,1622392843
412,Tsiroanomandidy,-18.7667,46.0333,293.24,67,94,1.1,MG,1622392844
413,Otofuke,42.9917,143.2003,280.58,86,96,1.87,JP,1622392844
414,Zapolyarnyy,69.4154,30.8136,280.75,64,97,8.52,RU,1622392844
415,Mubende,0.5606,31.39,292.02,90,94,1.19,UG,1622392844
416,Saint-Augustin,51.226,-58.6502,289.73,31,1,2.97,CA,1622392845
417,Témiscaming,46.7212,-79.0971,290.99,24,0,1.54,CA,1622392797
418,Hrebinka,50.1171,32.4361,284.82,89,100,4.16,UA,1622392845
419,Novoorsk,51.381,58.9813,299.51,61,13,2.44,RU,1622392846
420,Egvekinot,66.3167,-179.1667,275.8,50,36,3.64,RU,1622392846
421,Praia,14.9215,-23.5087,301.45,54,20,7.2,CV,1622392846
422,Dunyapur,29.7995,71.7196,310.16,16,1,4.38,PK,1622392846
423,Willmar,45.1219,-95.0433,291.13,72,1,2.06,US,1622392569
424,Akdepe,42.0551,59.3788,309.15,13,7,4.28,TM,1622392847
425,Río Gallegos,-51.6226,-69.2181,275.18,75,75,4.63,AR,1622392847
426,Huarmey,-10.0681,-78.1522,294.87,75,60,4.82,PE,1622392716
427,Leningradskiy,69.3833,178.4167,273.81,81,61,1.54,RU,1622392833
428,Vágur,61.4732,-6.8119,282.1,94,40,8.97,FO,1622392848
429,Hobyo,5.3505,48.5268,299.56,83,98,10.91,SO,1622392848
430,Jiwani,25.05,61.7417,303.06,82,0,6.88,PK,1622392848
431,Canandaigua,42.8742,-77.288,291.37,64,99,2.24,US,1622392643
432,Cap Malheureux,-19.9842,57.6142,297.42,81,2,5.3,MU,1622392849
433,Aiquile,-18.2041,-65.1807,292.74,51,99,2.78,BO,1622392849
434,Gizo Government Station,-8.103,156.8419,300.34,79,86,2.56,SB,1622392849
435,Kadambūr,8.9833,77.8667,301.36,65,33,7.86,IN,1622392849
436,Dingcheng,32.1272,115.0394,297.22,76,86,2.61,CN,1622392850
437,Roald,62.5833,6.1333,293.8,76,0,3.09,NO,1622392850
438,Kailua,21.4022,-157.7394,296.14,60,69,0.83,US,1622392689
439,Masuguru,-11.3667,38.4167,298.77,52,33,1.62,TZ,1622392850
440,Qui Nhon,13.7667,109.2333,301.27,80,9,1.82,VN,1622392851
441,Mossamedes,-15.1961,12.1522,295.64,74,13,6.84,AO,1622392851
442,Madimba,-10.4,40.3333,297.33,81,99,3.32,TZ,1622392851
443,Itarema,-2.9248,-39.9167,302.97,58,6,6.58,BR,1622392852
444,Srednekolymsk,67.45,153.6833,284.44,43,12,3.24,RU,1622392852
445,Chitral,35.8462,71.7858,295.9,37,0,2.51,PK,1622392852
446,Urubamba,-13.3047,-72.1158,292.65,39,50,2.1,PE,1622392852
447,Chumikan,54.7183,135.315,274.46,99,100,1.3,RU,1622392853
448,Axum,14.1245,38.7244,297.84,20,57,6.44,ET,1622392853
449,Cambuci,-21.5753,-41.9111,302.84,45,83,0.9,BR,1622392853
450,Rocha,-34.4833,-54.3333,285.56,49,6,6.59,UY,1622392853
451,Bara,10.3744,10.7288,310.94,16,41,1.47,NG,1622392854
452,Mumford,5.2618,-0.759,301.37,76,72,6.13,GH,1622392854
453,Mabaruma,8.2,-59.7833,300.79,82,77,3.12,GY,1622392854
454,Los Llanos de Aridane,28.6585,-17.9182,293.22,82,40,6.04,ES,1622392577
455,Banda Aceh,5.5577,95.3222,300.6,71,84,5.43,ID,1622392855
456,Mandiana,10.6333,-8.6833,301.29,54,75,1.97,GN,1622392855
457,Arrondissement de Saumur,47.3333,-0.25,296.42,39,54,5.06,FR,1622392856
458,Byron Bay,-28.65,153.6167,289.19,90,79,5.38,AU,1622392673
459,Arucas,28.1198,-15.5233,295.58,74,16,6.18,ES,1622392856
460,Nyzhni Sirohozy,46.8484,34.3804,292.61,62,75,3.05,UA,1622392856
461,Manokwari,-0.8667,134.0833,299.65,81,100,1.27,ID,1622392857
462,Henties Bay,-22.116,14.2845,286.96,85,58,3.49,NA,1622392823
463,Vanimo,-2.6741,141.3028,298.96,89,100,2.8,PG,1622392857
464,Santa Rosalía,27.3167,-112.2833,301.07,24,97,1.11,MX,1622392857
465,Si Racha,13.1737,100.9311,305.31,67,12,4.81,TH,1622392858
466,Newport,51.5877,-2.9984,293.53,70,100,3.09,GB,1622392612
467,Gushikawa,26.3544,127.8686,297.15,92,90,8.55,JP,1622392858
468,Praia,14.9215,-23.5087,301.45,54,20,7.2,CV,1622392858
469,Morant Bay,17.8815,-76.4093,302.94,70,20,4.46,JM,1622392858
470,Sapernoye,60.7167,29.9505,285.48,55,15,1.98,RU,1622392859
471,Thinadhoo,0.5333,72.9333,301.73,72,26,7.79,MV,1622392859
472,San Onofre,9.7359,-75.5263,301.19,73,82,2.33,CO,1622392859
473,Imbituba,-28.24,-48.6703,290.09,63,99,3.96,BR,1622392860
474,Baturaja,-4.1333,104.1667,296.72,97,79,1.12,ID,1622392860
475,Virginia Beach,36.8529,-75.978,288.16,92,100,0.89,US,1622392699
476,Tezu,27.9167,96.1667,297.31,79,20,1.86,IN,1622392860
477,Dawei,14.0833,98.2,299.15,89,26,1.69,MM,1622392861
478,Pemangkat,1.1667,108.9667,300.05,78,11,0.49,ID,1622392861
479,Margate,51.3813,1.3862,289.92,65,5,1.79,GB,1622392861
480,Cervo,43.6702,-7.4101,297.15,76,80,3.54,ES,1622392862
481,Kimbe,-5.5502,150.1429,297.39,94,39,2.17,PG,1622392862
482,Hammerfest,70.6634,23.6821,278.4,93,75,8.23,NO,1622392862
483,Aktas,49.7789,72.9608,294.01,36,58,4.68,KZ,1622392862
484,Meulaboh,4.1363,96.1285,297.8,87,100,1.03,ID,1622392863
485,Salinas,36.6777,-121.6555,289.94,76,90,0.0,US,1622392863
486,Bhatkal,13.9667,74.5667,300.38,80,59,2.0,IN,1622392573
487,Yārāda,17.65,83.2667,304.33,84,40,3.09,IN,1622392757
488,Kieta,-6.2167,155.6333,298.72,85,77,1.91,PG,1622392864
489,Gonder,12.6,37.4667,296.82,23,28,1.9,ET,1622392864
490,Camargo,27.6667,-105.1667,303.32,35,100,5.83,MX,1622392864
491,Along,28.1667,94.7667,295.38,93,87,0.8,IN,1622392865
492,Rodolfo Sánchez Taboada,31.7167,-116.5667,288.76,84,32,1.34,MX,1622392865
493,Rongcheng,30.634,117.8517,296.09,90,99,1.34,CN,1622392865
494,Pasaje,-3.3333,-79.8167,296.99,72,79,2.59,EC,1622392866
495,Redlands,34.0556,-117.1825,304.78,49,90,2.06,US,1622392866
496,Soe,-9.8607,124.284,291.58,95,100,1.58,ID,1622392866
497,Minot,48.2325,-101.2963,294.27,26,1,7.72,US,1622392867
498,Narsaq,60.9167,-46.05,281.27,67,62,1.78,GL,1622392867
499,Vagay,57.9375,69.0217,291.13,58,55,2.81,RU,1622392867
500,Helong,42.5397,128.9972,282.81,84,67,1.82,CN,1622392867
501,Shingū,33.7333,135.9833,289.77,76,70,2.41,JP,1622392638
502,Tashla,51.7716,52.7427,294.88,64,1,3.0,RU,1622392868
503,Tromsø,69.6496,18.957,281.51,87,75,1.79,NO,1622392868
504,Coruripe,-10.1256,-36.1756,300.5,72,89,5.47,BR,1622392868
505,Salalah,17.0151,54.0924,302.2,84,75,4.12,OM,1622392869
506,Marand,38.4329,45.7749,298.34,26,0,0.93,IR,1622392869
507,Arman',59.7,150.1667,275.96,98,100,1.88,RU,1622392869
508,Pitimbu,-7.4706,-34.8086,301.48,76,91,5.81,BR,1622392870
509,Kargil,34.5667,76.1,281.8,55,63,2.78,IN,1622392870
510,Ossora,59.2353,163.0719,275.9,94,98,1.43,RU,1622392870
511,Acapulco de Juárez,16.8634,-99.8901,304.83,58,96,3.73,MX,1622392871
512,Uíge,-7.6087,15.0613,297.4,46,59,1.77,AO,1622392871
513,Nanortalik,60.1432,-45.2371,276.03,88,87,7.43,GL,1622392792
514,Pacasmayo,-7.4006,-79.5714,294.94,75,76,5.57,PE,1622392871
515,Richards Bay,-28.783,32.0377,290.88,72,12,4.07,ZA,1622392871
516,Maceió,-9.6658,-35.7353,300.84,74,75,4.95,BR,1622392872
517,Ancud,-41.8697,-73.8203,286.05,95,100,6.73,CL,1622392872
518,Ishigaki,24.3448,124.1572,299.65,86,100,4.02,JP,1622392829
519,Jalu,29.0331,21.5482,309.91,14,2,4.67,LY,1622392873
520,Tilichiki,60.4667,166.1,275.72,88,100,0.55,RU,1622392873
521,Słupca,52.2873,17.8719,291.32,69,49,4.35,PL,1622392873
522,Lambaréné,-0.7001,10.2406,299.57,86,77,1.36,GA,1622392874
523,Tosya,41.0155,34.0401,291.09,65,89,2.27,TR,1622392874
524,Dingle,10.9995,122.6711,299.0,90,81,0.88,PH,1622392820
525,Taraz,42.9,71.3667,296.38,43,90,7.0,KZ,1622392874
527,Baudh,20.8416,84.3213,303.66,56,70,2.09,IN,1622392875
528,Itoman,26.1247,127.6694,297.58,94,75,4.63,JP,1622392875
529,Teguise,29.0605,-13.564,295.27,60,20,8.62,ES,1622392876
530,Praia da Vitória,38.7333,-27.0667,293.29,73,40,5.01,PT,1622392876
531,Makhinjauri,41.6739,41.694,292.07,82,0,1.45,GE,1622392876
532,San-Pédro,4.7485,-6.6363,301.56,72,44,3.61,CI,1622392876
533,Hede,33.7681,120.2517,295.99,76,4,3.05,CN,1622392877
534,Sisimiut,66.9395,-53.6735,275.37,81,67,3.03,GL,1622392877
535,Luena,-11.7833,19.9167,289.67,33,4,1.51,AO,1622392877
536,Sicuani,-14.2694,-71.2261,286.87,28,37,3.29,PE,1622392877
537,Paita,-5.0892,-81.1144,296.46,71,59,4.66,PE,1622392878
538,Gananoque,44.3334,-76.1661,292.18,43,84,2.24,CA,1622392878
539,Forchheim,49.7175,11.0588,292.18,51,5,4.4,DE,1622392878
540,Impfondo,1.6381,18.0667,301.61,60,96,1.18,CG,1622392879
541,Dera Bugti,29.0307,69.151,309.38,11,4,2.06,PK,1622392879
542,Rawson,-43.3002,-65.1023,280.31,61,75,7.15,AR,1622392879
543,Kommunisticheskiy,61.6789,64.4819,278.88,87,100,3.57,RU,1622392879
544,Maun,-19.9833,23.4167,295.13,33,0,1.03,BW,1622392880
545,Sibolga,1.7427,98.7792,297.93,90,51,1.31,ID,1622392880
546,Freeport,40.6576,-73.5832,284.42,93,90,2.24,US,1622392611
547,Pitsunda,43.1592,40.3378,291.25,87,50,2.04,GE,1622392880
548,Churapcha,62.0025,132.4325,282.85,93,100,2.49,RU,1622392881
549,San Cristobal,7.7669,-72.225,298.25,48,48,3.14,VE,1622392791
550,Moa,20.6569,-74.9403,302.11,70,12,4.1,CU,1622392881
551,Grand Forks,47.9417,-97.4337,293.59,51,1,3.09,US,1622392882
552,Selikhino,50.3672,137.4996,280.7,77,100,1.32,RU,1622392882
553,Phek,25.6667,94.5,289.39,93,85,0.92,IN,1622392882
554,Vao,-22.6667,167.4833,294.27,54,96,8.5,NC,1622392883
555,Pringsewu,-5.3582,104.9744,296.52,96,53,1.17,ID,1622392883
556,Muriti,-1.9833,32.9167,297.51,63,32,1.12,TZ,1622392883
557,Kalmunai,7.4167,81.8167,301.6,77,37,1.88,LK,1622392883
558,Fitii,-16.7333,-151.0333,299.3,78,92,7.09,PF,1622392884
559,Tuatapere,-46.1333,167.6833,283.05,96,100,3.72,NZ,1622392781
560,Longonjo,-12.9067,15.2533,292.13,35,16,0.78,AO,1622392884
561,Hadsund,56.7148,10.1168,296.1,69,1,1.98,DK,1622392884
562,Athabasca,54.7169,-113.2854,290.98,51,8,2.73,CA,1622392750
563,Cusuna,15.85,-85.2333,305.35,46,93,3.58,HN,1622392885
